Job_Title,Job_Description
Data Analyst,python sql excel power bi tableau data analysis data visualization statistics pandas numpy communication
Business Analyst,excel sql communication data analysis stakeholder management power bi requirements gathering statistics
Python Developer,python git linux database api development object oriented programming debugging
Machine Learning Engineer,python machine learning scikit learn numpy pandas deep learning statistics model deployment
Data Scientist,python r programming machine learning statistics data visualization deep learning sql pandas numpy
Power BI Developer,power bi dax data visualization sql excel data modeling etl reporting
SQL Developer,sql database etl data warehousing query optimization stored procedures
AI Engineer,python machine learning deep learning nlp tensorflow model deployment statistics
ETL Developer,etl sql database data warehousing python data pipeline aws
Software Engineer,java python git linux software development debugging database object oriented programming
Data Engineer,python sql etl aws database data pipeline data warehousing
BI Analyst,power bi tableau sql excel data visualization dax reporting statistics
Statistical Analyst,statistics python r programming data analysis excel data visualization
Cloud Engineer,aws azure linux database git cloud infrastructure
Database Administrator,sql database linux etl data warehousing query optimization
Research Analyst,excel statistics data analysis communication python data visualization
NLP Engineer,python nlp machine learning deep learning data analysis statistics
DevOps Engineer,linux git aws azure automation database
Reporting Analyst,excel power bi tableau data visualization sql communication
Junior Data Analyst,excel sql python data analysis communication statistics
